{
  "ISP": [
    0.5109848380922228,
    0.612645651173704
  ],
  "TP": [
    0.44949085398341065,
    0.7765401630021357
  ],
  "START": [
    0.4048458923597831,
    0.761505604261133
  ],
  "FIN": [
    0.40237963967488394,
    0.731857958651733
  ],
  "SPC": [
    0.40888699314611265,
    0.8586883402188206
  ],
  "MB": [
    0.4279519523498535,
    0.4357568344265372
  ],
  "RP": [
    0.2724627179125877,
    0.7779116651931687
  ],
  "SP": [
    0.547032393304644,
    0.580358126001646
  ],
  "AV": [
    0.49122284621302414,
    0.6735477002135679
  ],
  "START_SPC": [
    0.37335822343955766,
    0.8595199719327014
  ],
  "FIN_SPC": [
    0.3372003228360454,
    0.8495403913661318
  ],
  "LN": [
    0.38578750177201504,
    0.6832140485899755
  ],
  "F:15:FIN": [
    0.4318365895662067,
    0.734693417320602
  ],
  "S:15:START": [
    0.3813680420021563,
    0.7529801132010405
  ],
  "S:12:START": [
    0.39883792385125066,
    0.7489798984771947
  ],
  "F:12:FIN": [
    0.35535732902683803,
    0.8792726066253204
  ],
  "S:1:START": [
    0.3610981340766407,
    0.7795438625206732
  ],
  "F:1:FIN": [
    0.3218442506060278,
    0.8053417090138266
  ],
  "F:1:FINISH": [
    0.416070028961791,
    0.6821672069573372
  ],
  "F:12:FINISH": [
    0.3480539556293169,
    0.8673200027467789
  ],
  "F:2:FIN": [
    0.39172377800240527,
    0.7559676301366421
  ],
  "TB": [
    0.28414990426452286,
    0.6928139213096647
  ],
  "S:5:START": [
    0.3462650397279695,
    0.7236727206079049
  ],
  "F:5:FIN": [
    0.36645245875358967,
    0.7488169274435081
  ],
  "S:6:START": [
    0.3742168506865205,
    0.725387098346696
  ],
  "F:6:FIN": [
    0.3944042697121407,
    0.7516742236748267
  ],
  "S:7:START": [
    0.378875485846279,
    0.7408164979958162
  ],
  "F:7:FIN": [
    0.38586343858591676,
    0.7728182157865838
  ],
  "S:8:START": [
    0.37732260745969287,
    0.737387742518234
  ],
  "F:8:FIN": [
    0.3354412575452284,
    0.742259900275511
  ],
  "CR": [
    0.43939522178032614,
    0.46698980298097226
  ],
  "S:9:START": [
    0.3817685676934785,
    0.7414282685616304
  ],
  "F:9:FIN": [
    0.3478705358776858,
    0.7472496905587958
  ],
  "S:10:START": [
    0.3682093549671614,
    0.7364384782783455
  ],
  "F:10:FIN": [
    0.3580399454224236,
    0.7730302736891
  ],
  "S:11:START": [
    0.3625596829978627,
    0.7630506931225306
  ],
  "F:11:FIN": [
    0.3309215199697894,
    0.7721986419752191
  ],
  "S:13:START": [
    0.35973484701321323,
    0.7514078491281997
  ],
  "F:13:FIN": [
    0.35182530625619496,
    0.8578567085049398
  ],
  "S:14:START": [
    0.3614297486040029,
    0.7522394808420804
  ],
  "F:14:FIN": [
    0.33996099512066746,
    0.8778158696380786
  ],
  "S:16:START": [
    0.39476281322286577,
    0.7297854245672993
  ],
  "F:16:FIN": [
    0.40719209155532304,
    0.7472496905587958
  ],
  "S:17:START": [
    0.4213162714785701,
    0.6882038388732603
  ],
  "F:17:FIN": [
    0.38628830526891755,
    0.7405966368477495
  ],
  "S:19:START": [
    0.4094361324942949,
    0.7439130927865077
  ],
  "F:19:FIN": [
    0.39490119079584834,
    0.7126428428309576
  ],
  "S:22:START": [
    0.41279034980932094,
    0.7258092638648734
  ],
  "F:22:FIN": [
    0.4060819151792687,
    0.7422672901572683
  ],
  "LI": [
    0.5570216943554441,
    0.12426840287784251
  ],
  "WP": [
    0.29762888866009085,
    0.727455066494113
  ],
  "S:23:START": [
    0.33564335156372027,
    0.8977956386203995
  ],
  "F:23:FIN": [
    0.37477588690569164,
    0.9019101451934982
  ],
  "S:24:START": [
    0.328934916933668,
    0.9002643425642587
  ],
  "F:24:FIN": [
    0.3647132349606133,
    0.906024651766597
  ],
  "S:25:START": [
    0.328934916933668,
    0.9035559478227377
  ],
  "F:25:FIN": [
    0.3624770900839292,
    0.9101391583396956
  ],
  "P": [
    0.19923851408599136,
    0.13002871208018071
  ],
  "F:26:FIN": [
    0.3658313073989553,
    0.9150765662274141
  ],
  "S:26:START": [
    0.3311710618103521,
    0.9142536649127944
  ],
  "S:27:START": [
    0.35688672789221904,
    0.9126078622835548
  ],
  "F:27:FIN": [
    0.3211084098652737,
    0.9150765662274141
  ],
  "J": [
    0.02593728614297519,
    0.22301656063221145
  ],
  "OZ": [
    0.8387759488176382,
    0.2518181066439024
  ],
  "S:28:START": [
    0.33801224417137804,
    0.9004487486293157
  ],
  "F:28:FIN": [
    0.3731601479531358,
    0.9072563426249403
  ],
  "BH": [
    0.7516922006934179,
    0.09571058767915974
  ],
  "F:30:FIN": [
    0.37565667004404135,
    0.9183516760779021
  ],
  "S:30:START": [
    0.3320282383112408,
    0.9045900221827559
  ],
  "S:29:START": [
    0.3299506939430122,
    0.9061190948377722
  ],
  "F:29:FIN": [
    0.36734649257112695,
    0.9137644581128533
  ],
  "S:31:START": [
    0.36319140383466975,
    0.7440373934060495
  ],
  "F:31:FIN": [
    0.356958770729984,
    0.8801248597024959
  ],
  "S:32:START": [
    0.37773421441226995,
    0.7394501754410008
  ],
  "F:32:FIN": [
    0.36734649257112695,
    0.8052002996066996
  ],
  "S:33:START": [
    0.37773421441226995,
    0.7394501754410008
  ],
  "F:33:FIN": [
    0.36111385946644114,
    0.8403689706720734
  ],
  "S:81:Salt Pan Cove": [
    0.33667589207624904,
    0.8910166228185811
  ],
  "F:81:FIN": [
    0.372631790004874,
    0.901687405429657
  ],
  "S:82:Salt Pan Cove": [
    0.3315858966795851,
    0.9024815622411491
  ],
  "F:82:FIN": [
    0.3642248311774221,
    0.9062745499975292
  ],
  "S:83:Salt Pan Cove": [
    0.32815021936402333,
    0.8974242452326422
  ],
  "F:83:FIN": [
    0.37367294379521704,
    0.900585068362959
  ],
  "S:84:Salt Pan Cove": [
    0.32729130003513285,
    0.9062745499975292
  ],
  "F:84:FIN": [
    0.36250699251964125,
    0.9069067146235927
  ],
  "S:85:Salt Pan Cove": [
    0.3307269773506947,
    0.900585068362959
  ],
  "F:85:FIN": [
    0.3642248311774221,
    0.8986885744847689
  ],
  "S:86:Salt Pan Cove": [
    0.34189292862627046,
    0.871505495564044
  ],
  "F:86:FIN": [
    0.3710961858085457,
    0.8942634221023253
  ],
  "S:87:Salt Pan Cove": [
    0.34017508996848955,
    0.8778271418246777
  ],
  "F:87:FIN": [
    0.3719551051374361,
    0.8822522942071211
  ],
  "S:88:Salt Pan Cove": [
    0.3384572513107087,
    0.8816201295810578
  ],
  "F:88:FIN": [
    0.3642248311774221,
    0.8879417758416915
  ],
  "S:89:Salt Pan Cove": [
    0.33588049332403735,
    0.8892061050938184
  ],
  "S:90:Salt Pan Cove / Taylors Point": [
    0.33244481600847553,
    0.8955277513544521
  ],
  "F:90:FIN": [
    0.36937834715076484,
    0.8942634221023253
  ],
  "EB": [
    0.4879092145376466,
    0.7077748574136311
  ],
  "F:89:FIN": [
    0.3710961858085457,
    0.890470434345945
  ],
  "S:91:Salt Pan Cove / Taylors Point": [
    0.33330373533736596,
    0.8929990928501985
  ],
  "F:91:FIN": [
    0.3719551051374361,
    0.8948955867283886
  ],
  "S:92:Salt Pan Cove / Taylors Point": [
    0.33588049332403735,
    0.890470434345945
  ],
  "F:92:FIN": [
    0.36937834715076484,
    0.890470434345945
  ]
}